-- Insertar datos en la tabla Instructores
INSERT INTO Instructores (Nombre, Telefono) VALUES
('Lionel Messi', '1145678901'),
('Manu Ginóbili', '1123456789'),
('Carlos Tévez', '1167890123'),
('Diego Maradona', '1134567890'),
('Mirtha Legrand', '1198765432'),
('Ricardo Darín', '1176543210'),
('Susana Giménez', '1143210987'),
('Gustavo Cerati', '1123987456'),
('Charly García', '1187654321'),
('Fito Páez', '1132109876');

-- Insertar datos en la tabla Alumnos
INSERT INTO Alumnos (Nombre, Apellido, Telefono, Direccion, DNI) VALUES
('Santiago', 'Del Moro', '1145678923', 'Av. Siempre Viva 123', '20123456'),
('Luciana', 'Salazar', '1123456712', 'Calle Falsa 742', '30123457'),
('Jorge', 'Lanata', '1134678921', 'Pasaje Sinclair 567', '40123458'),
('Florencia', 'Peña', '1167890456', 'Boulevard Cerviño 345', '50123459'),
('Marcelo', 'Tinelli', '1176543298', 'Av. Libertador 999', '60123450'),
('Guillermo', 'Francella', '1132109876', 'Calle Corrientes 888', '70123451'),
('Juana', 'Viale', '1187654321', 'Calle Lavalle 567', '80123452'),
('Natalia', 'Oreiro', '1145678990', 'Av. Santa Fe 1234', '90123453'),
('Marley', 'Wiebe', '1134765987', 'Calle Córdoba 234', '10123454'),
('Pampita', 'Ardohain', '1143210876', 'Calle Maipú 456', '11123455'),
('Esteban', 'Lamothe', '1123456700', 'Calle Alvear 222', '51123466'),
('Griselda', 'Siciliani', '1134567011', 'Calle Medrano 333', '52123467'),
('Ricardo', 'Darin', '1145678901', 'Calle Anchorena 567', '53123468'),
('Mercedes', 'Moran', '1132109899', 'Calle Güemes 678', '54123469'),
('Adrián', 'Suar', '1145679012', 'Calle Arenales 123', '55123470'),
('Luisana', 'Lopilato', '1134765902', 'Calle Borges 456', '56123471'),
('Peter', 'Lanzani', '1143210870', 'Calle Juncal 789', '57123472'),
('China', 'Suarez', '1123456701', 'Calle Riobamba 234', '58123473'),
('Nicolás', 'Cabré', '1134567022', 'Calle Paraná 345', '59123474'),
('Soledad', 'Fandiño', '1145678991', 'Av. Callao 567', '60123475'),
('Federico', 'Bal', '1132109800', 'Av. Pueyrredón 678', '61123476'),
('Barbie', 'Vélez', '1134678901', 'Calle Beruti 789', '62123477'),
('Florencia', 'Bertotti', '1145678924', 'Calle Larrea 123', '63123478'),
('Juan', 'Minujín', '1134765988', 'Calle Ayacucho 234', '64123479'),
('Carla', 'Peterson', '1123456789', 'Calle Libertad 345', '65123480'),
('Nancy', 'Dupláa', '1167890457', 'Calle Uruguay 456', '66123481'),
('Pablo', 'Echarri', '1143210877', 'Calle Talcahuano 567', '67123482'),
('Cecilia', 'Roth', '1132109877', 'Calle Junín 678', '68123483'),
('Alejandro', 'Awada', '1145678902', 'Calle Azcuénaga 789', '69123484'),
('Dolores', 'Fonzi', '1134678902', 'Calle Marcelo T. 123', '70123485'),
('Leonardo', 'Sbaraglia', '1167890458', 'Calle Posadas 234', '71123486'),
('Julieta', 'Cardinali', '1134765903', 'Calle Guido 345', '72123487'),
('Diego', 'Peretti', '1143210878', 'Calle Quintana 456', '73123488'),
('Leticia', 'Brédice', '1123456702', 'Calle Esmeralda 567', '74123489'),
('Norma', 'Aleandro', '1134567023', 'Calle Lavalleja 678', '75123490'),
('Oscar', 'Martínez', '1145678925', 'Calle Ravignani 789', '76123491'),
('Hebe', 'De Bonafini', '1132109888', 'Calle Olleros 123', '77123492'),
('Juan', 'Pablo', '1145678903', 'Calle Niceto Vega 234', '78123493'),
('Claudia', 'Villafañe', '1134678903', 'Calle Fitz Roy 345', '79123494'),
('Fernando', 'Bravo', '1167890459', 'Calle Thames 456', '80123495'),
('Verónica', 'Llinás', '1134765989', 'Calle Serrano 567', '81123496'),
('Gastón', 'Soffritti', '1123456703', 'Calle Malabia 678', '82123497'),
('Luis', 'Brandoni', '1134567024', 'Calle Armenia 789', '83123498'),
('Ana', 'María', '1145678992', 'Calle Costa Rica 123', '84123499'),
('Martina', 'Stoessel', '1132109890', 'Calle Gorriti 234', '85123400'),
('Benjamín', 'Vicuña', '1134678904', 'Calle Guatemala 345', '86123401'),
('Andrea', 'Frigerio', '1167890460', 'Calle Honduras 456', '87123402'),
('Mirtha', 'Legrand', '1134765990', 'Calle El Salvador 567', '88123403'),
('Susana', 'Giménez', '1123456704', 'Calle Armenia 789', '89123404');


-- Insertar datos en la tabla Cursos
INSERT INTO Cursos (Codigo, Nombre, Cuota, Duracion, IDInstructor) VALUES
(1, 'Introducción a la Programación', 15000.00, 3, 1),
(2, 'JavaScript Avanzado', 18000.00, 4, 2),
(3, 'Bases de Datos', 16000.00, 3, 3),
(4, 'Desarrollo Web con React', 20000.00, 4, 4),
(5, 'Python para Análisis de Datos', 19000.00, 4, 5),
(6, 'Ciberseguridad Básica', 17000.00, 3, 6);

-- Insertar datos en la tabla matriculas
INSERT INTO Matriculas (LegajoAlumno, CodigoCurso, FechaInscripcion) VALUES
(1, 1, '2024-01-10'),
(2, 1, '2024-01-11'),
(3, 2, '2024-01-15'),
(4, 3, '2024-01-20'),
(5, 4, '2024-01-25'),
(6, 5, '2024-02-01'),
(7, 6, '2024-02-05'),
(8, 2, '2024-02-10'),
(9, 3, '2024-02-12'),
(10, 4, '2024-02-15'),
(11, 5, '2024-02-18'),
(12, 6, '2024-02-20'),
(13, 1, '2024-02-22'),
(14, 2, '2024-02-25'),
(15, 3, '2024-03-01'),
(16, 4, '2024-03-03'),
(17, 5, '2024-03-05'),
(18, 6, '2024-03-08'),
(19, 1, '2024-03-10'),
(20, 2, '2024-03-12'),
(21, 3, '2024-03-15'),
(22, 4, '2024-03-18'),
(23, 5, '2024-03-20'),
(24, 6, '2024-03-22'),
(25, 1, '2024-03-25'),
(26, 2, '2024-03-28'),
(27, 3, '2024-03-30'),
(28, 4, '2024-04-01'),
(29, 5, '2024-04-03'),
(30, 6, '2024-04-05'),
(31, 1, '2024-04-07'),
(32, 2, '2024-04-10'),
(33, 3, '2024-04-12'),
(34, 4, '2024-04-15'),
(35, 5, '2024-04-18'),
(36, 6, '2024-04-20'),
(37, 1, '2024-04-22'),
(38, 2, '2024-04-25'),
(39, 3, '2024-04-28'),
(40, 4, '2024-05-01'),
(41, 5, '2024-05-03'),
(42, 6, '2024-05-05'),
(43, 1, '2024-05-07'),
(44, 2, '2024-05-10'),
(45, 3, '2024-05-12'),
(46, 4, '2024-05-15'),
(47, 5, '2024-05-18'),
(48, 6, '2024-05-20'),
(49, 1, '2024-05-22'),
(50, 2, '2024-05-25'),
(51, 3, '2024-05-28'),
(52, 4, '2024-06-01'),
(53, 5, '2024-06-03'),
(54, 6, '2024-06-05'),
(55, 1, '2024-06-07'),
(56, 2, '2024-06-10'),
(57, 3, '2024-06-12'),
(58, 4, '2024-06-15'),
(59, 5, '2024-06-18'),
(60, 6, '2024-06-20');
